{
  "Admin": [
    {
      "is_inverted": true,
      "is_trie": false,
      "path": "./data/Admin/github.com/_index.txt",
      "tag": "Test",
      "url": "https://github.com"
    },
    {
      "is_inverted": true,
      "is_trie": false,
      "path": "./data/Admin/zjuers.com/_index.txt",
      "tag": "Test",
      "url": "https://zjuers.com"
    }
  ],
  "cpmores": [
    {
      "is_inverted": true,
      "is_trie": false,
      "path": "./data/cpmores/zjuers.com/_index.txt",
      "tag": "Math",
      "url": "https://zjuers.com"
    }
  ]
}